Workbook

Sheet Oxidant Feed Composition
A1: Chemical
D3: Vol of solution | E3: 100 | F3: L | G3: Mols Water Init --> | H3: 5550.84
D5: Water generated is negligible relative to vol--> can assume constant volume
A7: x excess: | B7: 1.2 | D7: 2.25
A8: Stoich: | B8: 1 | D8: 8 | F8: 6 | H8: 3 | J8: 3 | L8: 6 | N8: Assume K is analogous with Na
B9: NaIO3 | C9: + | D9: NaI | E9: + | F9: HClO4 | G9: = | H9: NaI3 | I9: + | J9: H2O | K9: + | L9: NaClO4 | N9: NaIO3 should really be KIO3, but we will use Na as a placeholder for all cations, so K4[Fe(CN)_6] will be assumed to be Na4[Fe(CN)_6]
A10: Conc (mM): | B10: =(H10/3)*B7 -> 40 | D10: =(8*H10/3)*D7 -> 600 | F10: =H10*2 -> 200 | H10: 100 | J10: 100 | L10: 200
A11: conc (M): | B11: =B10/1000 -> 0.04 | D11: =D10/1000 -> 0.6 | F11: =F10/1000 -> 0.2 | H11: =H10/1000 -> 0.1 | J11: =J10/1000 -> 0.1 | L11: =L10/1000 -> 0.2
A12: I (mol): | B12: =$E$3*B11 -> 4 | D12: =$E$3*D11 -> 60 | F12: =$E$3*F11 -> 20 | H12: 0 | J12: 0 | L12: 0
A13: delta (mol): | B13: =1/6*F13 -> -3.3333333 | D13: =4/3*F13 -> -26.666667 | F13: =-F12 -> -20 | H13: =-1/2*F13 -> 10 | J13: =-1/2*F13 -> 10 | L13: =-1*F13 -> 20
A14: F (mol): | B14: =B12+B13 -> 0.66666667 | D14: =D12+D13 -> 33.333333 | F14: =F12+F13 -> 0 | H14: =H12+H13 -> 10 | J14: =J12+J13 -> 10 | L14: =L12+L13 -> 20
A15: F Conc (M) | B15: =B14/$E$3 -> 0.0066666667 | D15: =D14/$E$3 -> 0.33333333 | F15: =F14/$E$3 -> 0 | H15: =H14/$E$3 -> 0.1 | J15: =J14/$E$3 -> 0.1 | L15: =L14/$E$3 -> 0.2
A18: Chemicals In Process | B18: Description | M18: Oxidant Feed Tank Composition
A19: H2[PtCl_6] | B19: Chloroplatinic Acid in OG Leachate Feed | M19: Chemical | N19: Conc [M]
A20: Na2[PdCl_4] | B20: Chloropalladic Acid in OG Leachate Feed | M20: NaIO3 | N20: =B15 -> 0.0066666667
A21: Na3[RhCl_6] | B21: Chlororhodic Acid in OG Leachate Feed | M21: NaI | N21: =D15 -> 0.33333333
A22: HCl | B22: Will Likely Be in Feed Leachate. Inert in eLLE | M22: NaI3 | N22: =H15 -> 0.1
A23: NaCl | B23: Will Likely Be in Feed Leachate. Also in aqueous reduction loop. Inert in eLLE | M23: NaClO4 | N23: =L15 -> 0.2
A24: KIO3 | B24: Enters in Aqueous Oxidant Loop | M24: Cost For 100 L of Feed Solution [$] | N24: =B12*'[1]Reagent cost'!C34+D12*'[1]Reagent cost'!C35+F12*'[1]Reagent cost'!C36*'[1]Reagent cost'!C14/1000 -> 186.42435
A25: NaI | B25: Enters in Aqueous Oxidant Loop | M25: Cost Ox Fresh Feed [$/L] | N25: =N24/100 -> 1.8642435
A26: NaI3 | B26: Enters in Aqueous Oxidant Loop
A27: NaClO4 | B27: Enters in Aqueous Oxidant Loop
E39: assume ddFc of 1.89 mol/min (3 stages S1)
E40: =1.89/0.2 -> 9.45 | F40: =E40*0.006666666666 -> 0.063
B44: NaClO4 | C44: + | D44: NaI3 | E44: + | F44: ddFc | G44: = | H44: ddFcClO4 | I44: + | J44: NaI
B45: 1 | D45: 0.5 | F45: 1 | H45: 1 | J45: 1.5
A46: I (mol/min) | B46: 1.89 | D46: =F46*D45*1.2 -> 1.134 | F46: 1.89 | H46: 0 | J46: 3.78
A47: delta (mol/min) | B47: =$F$47*B45 -> -1.89 | D47: =$F$47*D45 -> -0.945 | F47: =-F46 -> -1.89 | H47: =-$F$47*H45 -> 1.89 | I47: =-$F$47*I45 -> 0 | J47: =-$F$47*J45 -> 2.835
A48: F (mol/min) | B48: =B46+B47 -> 0 | C48: =C46+C47 -> 0 | D48: =D46+D47 -> 0.189 | E48: =E46+E47 -> 0 | F48: =F46+F47 -> 0 | G48: =G46+G47 -> 0 | H48: =H46+H47 -> 1.89 | I48: =I46+I47 -> 0 | J48: =J46+J47 -> 6.615

Sheet Chemical List
A1: Chemical
A2: Na+
A3: H+
A4: ddFc+
A5: coeFc+
A6: IO3-
A7: I-
A8: I3-
A9: ClO4-
A10: Cl-
A11: [PtCl6]2-
A12: [PdCl4]2-
... A23: DCM

Sheet eLLE Bals
A1: S1 Stages | B1: S1 C_Pt_in [M] | C1: S1 C_Pd_in [M] | D1: S1 C_Rh_in [M] | E1: S1 q_Pt_in [mol PGM/mol ligand] | F1: S1 q_Pd_in [mol PGM/mol ligand] | G1: S1 q_Rh_in [mol PGM/mol ligand] | H1: S1 C_Pt_out [M] | I1: S1 C_Pd_out [M] | J1: S1 C_Rh_out [M] | K1: S1 q_Pt_out [mol PGM/mol ligand] | L1: S1 q_Pd_out [mol PGM/mol ligand] | M1: S1 q_Rh_out [mol PGM/mol ligand] | N1: S1 Ligand | O1: S1 C_lig [L/time] | P1: S2 Stages | Q1: S2 C_Pt_in [M] | R1: S2 C_Pd_in [M] | S1: S2 C_Rh_in [M] | T1: S2 q_Pt_in [mol PGM/mol ligand] | U1: S2 q_Pd_in [mol PGM/mol ligand] | V1: S2 q_Rh_in [mol PGM/mol ligand] | W1: S2 C_Pt_out [M] | X1: S2 C_Pd_out [M] | Y1: S2 C_Rh_out [M] | Z1: S2 q_Pt_out [mol PGM/mol ligand] | AA1: S2 q_Pd_out [mol PGM/mol ligand] | AB1: S2 q_Rh_out [mol PGM/mol ligand] | AC1: S2 C_lig [L/time] | AD1: S1 Q_aq Costing [L/min] | AE1: S1 Q_org Costing [L/min] | AF1: S2 Q_aq Costing [L/min] | AG1: S2 Q_org Costing [L/min] | AH1: ddFc Total Flow Recycle [mol/min] | AI1: coeFc Total Flow Recycle [mol/min] | AJ1: ddFc+ClO4- Flow In S1 [mol/min] | AK1: coeFc+ClO4- Flow In S2 [mol/min] | AL1: ddFc+MCl- Flow Out S1 Org [mol/min] | AM1: ddFc+ClO4- Flow Out S1 Org [mol/min] | AN1: ClO4- Flow Out S1 Aq [mol/min] | AO1: H2PtCl6 Flow Out Aq S1 [mol/min] | AP1: Na2PdCl4 Flow Out Aq S1 [mol/min] | AQ1: Na3RhCl6 Flow Out Aq S1 [mol/min] | AR1: NaCl Feed S1 [mol/min] | AS1: H2PtCl6 Flow In Aq S1 [mol/min] | AT1: Na2PdCl4 Flow in Aq S1 [mol/min] | AU1: Na3RhCl6 Flow In Aq S1 [mol/min] | AV1: (ddFc+)2PtCl6 Flow Out S1 Org [mol/min] | AW1: (ddFc+)2PdCl4 Flow Out S1 Org [mol/min] | AX1: (ddFc+)3RhCl6 Flow Out S1 Org [mol/min] | AY1: Na2PtCl6 Flow Out Aq S2 [mol/min] | AZ1: Na2PdCl4 Flow Out Aq S2 [mol/min] | BA1: Na3RhCl6 Flow Out Aq S2 [mol/min] | BB1: Mol Purity Pt Recov EW1 [%] | BC1: Pt (impure) out EW1 [mol/min] | BD1: Cl2 out EW1 [mol/min] | BE1: delta NaCl Out EW1 | BF1: (coeFc+)2PtCl6 Flow Out S2 Org [mol/min] | BG1: (coeFc+)2PdCl4 Flow Out S2 Org [mol/min] | BH1: (coeFc+)3RhCl6 Flow Out S2 Org [mol/min] | BI1: coeFc+MCl- Flow Out S2 Org [mol/min] | BJ1: coeFc+ClO4- Flow Out S2 Org [mol/min] | BK1: delta Na+ClO4- Flow Out S2 Aq [mol/min] | BL1: ClO4- entering first Reduction Loop Total [mol/min] | BM1: Cl2 out EW2 [mol/min] | BN1: delta NaCl Out EW2 [mol/min] | BO1: ClO4- purge first Reduction Loop Total [mol/min] | BP1: Cl- purge first Reduction Loop Total [mol/min] | BQ1: Cl- Entering Red1 [mol/min] | BR1: [Fe(CN)6]4- purge first Reduction Loop Total [mol/min] | BS1: ClO4- Directly After EW1 and after S2 Aq [mol/min] | BT1: ClO4- Directly Before S2 Aq [mol/min] | BU1: ClO4- Entering Red1 [mol/min] | BV1: ClO4- purge second Reduction Loop Total [mol/min] | BW1: Cl- purge second Reduction Loop Total [mol/min] | BX1: Cl- Entering Red2 [mol/min] | BY1: [Fe(CN)6]4- purge second Reduction Loop Total [mol/min] | BZ1: ClO4- After EW2 and Red2 [mol/min] | CA1: ClO4- Entering Red1 [mol/min]
A2: 3 | B2: 0.0015414359 | C2: 0.0015414359 | D2: 0.0003425413 | E2: 0 | F2: 0 | G2: 0 | H2: 1.6300359e-05 | I2: 7.447486e-07 | J2: 0.00032385704 | K2: 0.080727109 | L2: 0.081550485 | M2: 0.00098897849 | N2: ddFc | O2: 0.1 | P2: 4 | Q2: 0.0016455479 | R2: 0.0016623316 | S2: 2.0159417e-05 | T2: 0 | U2: 0 | V2: 0 | W2: 0.0015983351 | X2: 6.4131851e-05 | Y2: 1.999105e-05 | Z2: 0.0020409859 | AA2: 0.069089456 | AB2: 7.2784255e-06 | AC2: 0.1 | AD2: 100 | AE2: 18.892482 | AF2: 92.682535 | AG2: 21.439626 | AH2: =AE2*O2 -> 1.8892482 | AI2: =AG2*AC2 -> 2.1439626 | AJ2: =AH2 -> 1.8892482 | AK2: =AI2 -> 2.1439626 | AL2: =AE2*O2*(K2*2+L2*2+M2*3) -> 0.6187706 | AM2: =AJ2-AL2 -> 1.2704776 | AN2: =AJ2-AM2 -> 0.6187706 | AO2: =H2*AD2 -> 0.0016300359 | AP2: =I2*AD2 -> 7.447486e-05 | AQ2: =J2*AD2 -> 0.032385704 | AR2: =0.1*AD2 -> 10 | AS2: =AD2*B2 -> 0.15414359 | AT2: =AD2*C2 -> 0.15414359 | AU2: =AD2*D2 -> 0.03425413 | AV2: =AS2-AO2 -> 0.15251355 | AW2: =AT2-AP2 -> 0.15406911 | AX2: =AU2-AQ2 -> 0.0018684259 | AY2: =AF2*W2 -> 0.14813775 | AZ2: =AF2*X2 -> 0.0059439026 | BA2: =AF2*Y2 -> 0.0018528212 | BB2: =AY2/SUM(AY2:BA2)*100 -> 95 | BC2: =SUM(AY2:BA2) -> 0.15593448 | BD2: =AY2*2+AZ2*1+BA2*3/2 -> 0.30499864 | BE2: =AY2*2+AZ2*2+BA2*3 -> 0.31372177 | BF2: =AG2*AC2*Z2 -> 0.0043757972 | BG2: =AG2*AC2*AA2 -> 0.14812521 | BH2: =AG2*AC2*AB2 -> 1.5604672e-05 | BI2: =BF2*2+BG2*2+BH2*3 -> 0.30504882 | BJ2: =AK2-BI2 -> 1.8389137 | BK2: =BI2 -> 0.30504882 | BL2: =BK2+AM2 -> 1.5755265 | BM2: =2*BF2+BG2+3/2*BH2 -> 0.15690021 | BN2: =2*BF2+BG2*2+3*BH2 -> 0.30504882 | BO2: =BL2 -> 1.5755265 | BP2: =BE2 -> 0.31372177 | BQ2: =AJ2*2 -> 3.7784965 | BR2: =AJ2/(BQ2+BE2)*BP2 -> 0.14483546 | BS2: =BO2/BR2*AJ2 -> 20.551325 | BT2: =BS2-BK2 -> 20.246276 | BU2: =BT2-AM2 -> 18.975799 | BV2: =BJ2 -> 1.8389137 | BW2: =BN2 -> 0.30504882 | BX2: =AK2*2 -> 4.2879251 | BY2: =AK2/(BX2+BN2)*BW2 -> 0.14239429 | BZ2: =BV2/BY2*AK2 -> 27.687643 | CA2: =BZ2-BJ2 -> 25.848729
A3: 3 | B3: 0.0015414359 | C3: 0.0015414359 | D3: 0.0003425413 | E3: 0 | F3: 0 | G3: 0 | H3: 1.6300359e-05 | I3: 7.447486e-07 | J3: 0.00032385704 | K3: 0.080727109 | L3: 0.081550485 | M3: 0.00098897849 | N3: ddFc | O3: 0.1 | P3: 5 | Q3: 0.0016455479 | R3: 0.0016623316 | S3: 2.0159417e-05 | T3: 0 | U3: 0 | V3: 0 | W3: 0.0016052842 | X3: 6.4473619e-05 | Y3: 2.0015023e-05 | Z3: 0.0018300134 | AA3: 0.072623818 | AB3: 6.562807e-06 | AC3: 0.1 | AD3: 100 | AE3: 18.892482 | AF3: 92.682535 | AG3: 20.391868 | AH3: =AE3*O3 -> 1.8892482 | AI3: =AG3*AC3 -> 2.0391868 | AJ3: =AH3 -> 1.8892482 | AK3: =AI3 -> 2.0391868 | AL3: =AE3*O3*(K3*2+L3*2+M3*3) -> 0.6187706 | AM3: =AJ3-AL3 -> 1.2704776 | AN3: =AJ3-AM3 -> 0.6187706 | AO3: =H3*AD3 -> 0.0016300359 | AP3: =I3*AD3 -> 7.447486e-05 | AQ3: =J3*AD3 -> 0.032385704 | AR3: =0.1*AD3 -> 10 | AS3: =AD3*B3 -> 0.15414359 | AT3: =AD3*C3 -> 0.15414359 | AU3: =AD3*D3 -> 0.03425413 | AV3: =AS3-AO3 -> 0.15251355 | AW3: =AT3-AP3 -> 0.15406911 | AX3: =AU3-AQ3 -> 0.0018684259 | AY3: =AF3*W3 -> 0.14878181 | AZ3: =AF3*X3 -> 0.0059755785 | BA3: =AF3*Y3 -> 0.0018550431 | BB3: =AY3/SUM(AY3:BA3)*100 -> 95 | BC3: =SUM(AY3:BA3) -> 0.15661243 | BD3: =AY3*2+AZ3*1+BA3*3/2 -> 0.30632176 | BE3: =AY3*2+AZ3*2+BA3*3 -> 0.31507991 | BF3: =AG3*AC3*Z3 -> 0.0037317391 | BG3: =AG3*AC3*AA3 -> 0.14809353 | BH3: =AG3*AC3*AB3 -> 1.3382789e-05 | BI3: =BF3*2+BG3*2+BH3*3 -> 0.30369069 | BJ3: =AK3-BI3 -> 1.7354961 | BK3: =BI3 -> 0.30369069 | BL3: =BK3+AM3 -> 1.5741683 | BM3: =2*BF3+BG3+3/2*BH3 -> 0.15557708 | BN3: =2*BF3+BG3*2+3*BH3 -> 0.30369069 | BO3: =BL3 -> 1.5741683 | BP3: =BE3 -> 0.31507991 | BQ3: =AJ3*2 -> 3.7784965 | BR3: =AJ3/(BQ3+BE3)*BP3 -> 0.14541421 | BS3: =BO3/BR3*AJ3 -> 20.451886 | BT3: =BS3-BK3 -> 20.148195 | BU3: =BT3-AM3 -> 18.877718 | BV3: =BJ3 -> 1.7354961 | BW3: =BN3 -> 0.30369069 | BX3: =AK3*2 -> 4.0783736 | BY3: =AK3/(BX3+BN3)*BW3 -> 0.14132199 | BZ3: =BV3/BY3*AK3 -> 25.042109 | CA3: =BZ3-BJ3 -> 23.306613
A4: 3 | B4: 0.0015414359 | C4: 0.0015414359 | D4: 0.0003425413 | E4: 0 | F4: 0 | G4: 0 | H4: 1.6300359e-05 | I4: 7.447486e-07 | J4: 0.00032385704 | K4: 0.080727109 | L4: 0.081550485 | M4: 0.00098897849 | N4: ddFc | O4: 0.1 | P4: 6 | Q4: 0.0016455479 | R4: 0.0016623316 | S4: 2.0159417e-05 | T4: 0 | U4: 0 | V4: 0 | W4: 0.0016074437 | X4: 6.4579829e-05 | Y4: 2.0022473e-05 | Z4: 0.0017599626 | AA4: 0.073797327 | AB4: 6.3252067e-06 | AC4: 0.1 | AD4: 100 | AE4: 18.892482 | AF4: 92.682535 | AG4: 20.066267 | AH4: =AE4*O4 -> 1.8892482 | AI4: =AG4*AC4 -> 2.0066267 | AJ4: =AH4 -> 1.8892482 | AK4: =AI4 -> 2.0066267 | AL4: =AE4*O4*(K4*2+L4*2+M4*3) -> 0.6187706 | AM4: =AJ4-AL4 -> 1.2704776 | AN4: =AJ4-AM4 -> 0.6187706 | AO4: =H4*AD4 -> 0.0016300359 | AP4: =I4*AD4 -> 7.447486e-05 | AQ4: =J4*AD4 -> 0.032385704 | AR4: =0.1*AD4 -> 10 | AS4: =AD4*B4 -> 0.15414359 | AT4: =AD4*C4 -> 0.15414359 | AU4: =AD4*D4 -> 0.03425413 | AV4: =AS4-AO4 -> 0.15251355 | AW4: =AT4-AP4 -> 0.15406911 | AX4: =AU4-AQ4 -> 0.0018684259 | AY4: =AF4*W4 -> 0.14898196 | AZ4: =AF4*X4 -> 0.0059854223 | BA4: =AF4*Y4 -> 0.0018557335 | BB4: =AY4/SUM(AY4:BA4)*100 -> 95 | BC4: =SUM(AY4:BA4) -> 0.15682312 | BD4: =AY4*2+AZ4*1+BA4*3/2 -> 0.30673295 | BE4: =AY4*2+AZ4*2+BA4*3 -> 0.31550197 | BF4: =AG4*AC4*Z4 -> 0.0035315879 | BG4: =AG4*AC4*AA4 -> 0.14808369 | BH4: =AG4*AC4*AB4 -> 1.2692329e-05 | BI4: =BF4*2+BG4*2+BH4*3 -> 0.30326863 | BJ4: =AK4-BI4 -> 1.7033581 | BK4: =BI4 -> 0.30326863 | BL4: =BK4+AM4 -> 1.5737463 | BM4: =2*BF4+BG4+3/2*BH4 -> 0.1551659 | BN4: =2*BF4+BG4*2+3*BH4 -> 0.30326863 | BO4: =BL4 -> 1.5737463 | BP4: =BE4 -> 0.31550197 | BQ4: =AJ4*2 -> 3.7784965 | BR4: =AJ4/(BQ4+BE4)*BP4 -> 0.14559398 | BS4: =BO4/BR4*AJ4 -> 20.421156 | BT4: =BS4-BK4 -> 20.117887 | BU4: =BT4-AM4 -> 18.847409 | BV4: =BJ4 -> 1.7033581 | BW4: =BN4 -> 0.30326863 | BX4: =AK4*2 -> 4.0132534 | BY4: =AK4/(BX4+BN4)*BW4 -> 0.14098085 | BZ4: =BV4/BY4*AK4 -> 24.244455 | CA4: =BZ4-BJ4 -> 22.541097
A5: 3 | B5: 0.0015414359 | C5: 0.0015414359 | D5: 0.0003425413 | E5: 0 | F5: 0 | G5: 0 | H5: 1.6300359e-05 | I5: 7.447486e-07 | J5: 0.00032385704 | K5: 0.080727109 | L5: 0.081550485 | M5: 0.00098897849 | N5: ddFc | O5: 0.1 | P5: 7 | Q5: 0.0016455479 | R5: 0.0016623316 | S5: 2.0159417e-05 | T5: 0 | U5: 0 | V5: 0 | W5: 0.0016080895 | X5: 6.4611589e-05 | Y5: 2.00247e-05 | Z5: 0.0017385721 | AA5: 0.074155665 | AB5: 6.2526541e-06 | AC5: 0.1 | AD5: 100 | AE5: 18.892482 | AF5: 92.682535 | AG5: 19.968905 | AH5: =AE5*O5 -> 1.8892482 | AI5: =AG5*AC5 -> 1.9968905 | AJ5: =AH5 -> 1.8892482 | AK5: =AI5 -> 1.9968905 | AL5: =AE5*O5*(K5*2+L5*2+M5*3) -> 0.6187706 | AM5: =AJ5-AL5 -> 1.2704776 | AN5: =AJ5-AM5 -> 0.6187706 | AO5: =H5*AD5 -> 0.0016300359 | AP5: =I5*AD5 -> 7.447486e-05 | AQ5: =J5*AD5 -> 0.032385704 | AR5: =0.1*AD5 -> 10 | AS5: =AD5*B5 -> 0.15414359 | AT5: =AD5*C5 -> 0.15414359 | AU5: =AD5*D5 -> 0.03425413 | AV5: =AS5-AO5 -> 0.15251355 | AW5: =AT5-AP5 -> 0.15406911 | AX5: =AU5-AQ5 -> 0.0018684259 | AY5: =AF5*W5 -> 0.14904181 | AZ5: =AF5*X5 -> 0.0059883658 | BA5: =AF5*Y5 -> 0.00185594 | BB5: =AY5/SUM(AY5:BA5)*100 -> 95 | BC5: =SUM(AY5:BA5) -> 0.15688612 | BD5: =AY5*2+AZ5*1+BA5*3/2 -> 0.3068559 | BE5: =AY5*2+AZ5*2+BA5*3 -> 0.31562817 | BF5: =AG5*AC5*Z5 -> 0.0034717382 | BG5: =AG5*AC5*AA5 -> 0.14808074 | BH5: =AG5*AC5*AB5 -> 1.2485866e-05 | BI5: =BF5*2+BG5*2+BH5*3 -> 0.30314242 | BJ5: =AK5-BI5 -> 1.6937481 | BK5: =BI5 -> 0.30314242 | BL5: =BK5+AM5 -> 1.5736201 | BM5: =2*BF5+BG5+3/2*BH5 -> 0.15504295 | BN5: =2*BF5+BG5*2+3*BH5 -> 0.30314242 | BO5: =BL5 -> 1.5736201 | BP5: =BE5 -> 0.31562817 | BQ5: =AJ5*2 -> 3.7784965 | BR5: =AJ5/(BQ5+BE5)*BP5 -> 0.14564773 | BS5: =BO5/BR5*AJ5 -> 20.411982 | BT5: =BS5-BK5 -> 20.10884 | BU5: =BT5-AM5 -> 18.838362 | BV5: =BJ5 -> 1.6937481 | BW5: =BN5 -> 0.30314242 | BX5: =AK5*2 -> 3.9937811 | BY5: =AK5/(BX5+BN5)*BW5 -> 0.14087806 | BZ5: =BV5/BY5*AK5 -> 24.008207 | CA5: =BZ5-BJ5 -> 22.314459
A6: 3 | B6: 0.0015414359 | C6: 0.0015414359 | D6: 0.0003425413 | E6: 0 | F6: 0 | G6: 0 | H6: 1.6300359e-05 | I6: 7.447486e-07 | J6: 0.00032385704 | K6: 0.080727109 | L6: 0.081550485 | M6: 0.00098897849 | N6: ddFc | O6: 0.1 | P6: 8 | Q6: 0.0016455479 | R6: 0.0016623316 | S6: 2.0159417e-05 | T6: 0 | U6: 0 | V6: 0 | W6: 0.0016082777 | X6: 6.4620844e-05 | Y6: 2.002535e-05 | Z6: 0.0017322992 | AA6: 0.074260751 | AB6: 6.2313774e-06 | AC6: 0.1 | AD6: 100 | AE6: 18.892482 | AF6: 92.682535 | AG6: 19.940532 | AH6: =AE6*O6 -> 1.8892482 | AI6: =AG6*AC6 -> 1.9940532 | AJ6: =AH6 -> 1.8892482 | AK6: =AI6 -> 1.9940532 | AL6: =AE6*O6*(K6*2+L6*2+M6*3) -> 0.6187706 | AM6: =AJ6-AL6 -> 1.2704776 | AN6: =AJ6-AM6 -> 0.6187706 | AO6: =H6*AD6 -> 0.0016300359 | AP6: =I6*AD6 -> 7.447486e-05 | AQ6: =J6*AD6 -> 0.032385704 | AR6: =0.1*AD6 -> 10 | AS6: =AD6*B6 -> 0.15414359 | AT6: =AD6*C6 -> 0.15414359 | AU6: =AD6*D6 -> 0.03425413 | AV6: =AS6-AO6 -> 0.15251355 | AW6: =AT6-AP6 -> 0.15406911 | AX6: =AU6-AQ6 -> 0.0018684259 | AY6: =AF6*W6 -> 0.14905925 | AZ6: =AF6*X6 -> 0.0059892236 | BA6: =AF6*Y6 -> 0.0018560002 | BB6: =AY6/SUM(AY6:BA6)*100 -> 95 | BC6: =SUM(AY6:BA6) -> 0.15690448 | BD6: =AY6*2+AZ6*1+BA6*3/2 -> 0.30689173 | BE6: =AY6*2+AZ6*2+BA6*3 -> 0.31566495 | BF6: =AG6*AC6*Z6 -> 0.0034542967 | BG6: =AG6*AC6*AA6 -> 0.14807989 | BH6: =AG6*AC6*AB6 -> 1.2425698e-05 | BI6: =BF6*2+BG6*2+BH6*3 -> 0.30310564 | BJ6: =AK6-BI6 -> 1.6909475 | BK6: =BI6 -> 0.30310564 | BL6: =BK6+AM6 -> 1.5735833 | BM6: =2*BF6+BG6+3/2*BH6 -> 0.15500712 | BN6: =2*BF6+BG6*2+3*BH6 -> 0.30310564 | BO6: =BL6 -> 1.5735833 | BP6: =BE6 -> 0.31566495 | BQ6: =AJ6*2 -> 3.7784965 | BR6: =AJ6/(BQ6+BE6)*BP6 -> 0.1456634 | BS6: =BO6/BR6*AJ6 -> 20.40931 | BT6: =BS6-BK6 -> 20.106205 | BU6: =BT6-AM6 -> 18.835727 | BV6: =BJ6 -> 1.6909475 | BW6: =BN6 -> 0.30310564 | BX6: =AK6*2 -> 3.9881064 | BY6: =AK6/(BX6+BN6)*BW6 -> 0.14084803 | BZ6: =BV6/BY6*AK6 -> 23.939556 | CA6: =BZ6-BJ6 -> 22.248608
A7: 3 | B7: 0.0015414359 | C7: 0.0015414359 | D7: 0.0003425413 | E7: 0 | F7: 0 | G7: 0 | H7: 1.6300359e-05 | I7: 7.447486e-07 | J7: 0.00032385704 | K7: 0.080727109 | L7: 0.081550485 | M7: 0.00098897849 | N7: ddFc | O7: 0.1 | P7: 9 | Q7: 0.0016455479 | R7: 0.0016623316 | S7: 2.0159417e-05 | T7: 0 | U7: 0 | V7: 0 | W7: 0.0016083319 | X7: 6.4623509e-05 | Y7: 2.0025537e-05 | Z7: 0.0017304893 | AA7: 0.074291069 | AB7: 6.2252388e-06 | AC7: 0.1 | AD7: 100 | AE7: 18.892482 | AF7: 92.682535 | AG7: 19.932361 | AH7: =AE7*O7 -> 1.8892482 | AI7: =AG7*AC7 -> 1.9932361 | AJ7: =AH7 -> 1.8892482 | AK7: =AI7 -> 1.9932361 | AL7: =AE7*O7*(K7*2+L7*2+M7*3) -> 0.6187706 | AM7: =AJ7-AL7 -> 1.2704776 | AN7: =AJ7-AM7 -> 0.6187706 | AO7: =H7*AD7 -> 0.0016300359 | AP7: =I7*AD7 -> 7.447486e-05 | AQ7: =J7*AD7 -> 0.032385704 | AR7: =0.1*AD7 -> 10 | AS7: =AD7*B7 -> 0.15414359 | AT7: =AD7*C7 -> 0.15414359 | AU7: =AD7*D7 -> 0.03425413 | AV7: =AS7-AO7 -> 0.15251355 | AW7: =AT7-AP7 -> 0.15406911 | AX7: =AU7-AQ7 -> 0.0018684259 | AY7: =AF7*W7 -> 0.14906428 | AZ7: =AF7*X7 -> 0.0059894707 | BA7: =AF7*Y7 -> 0.0018560175 | BB7: =AY7/SUM(AY7:BA7)*100 -> 95 | BC7: =SUM(AY7:BA7) -> 0.15690976 | BD7: =AY7*2+AZ7*1+BA7*3/2 -> 0.30690205 | BE7: =AY7*2+AZ7*2+BA7*3 -> 0.31567554 | BF7: =AG7*AC7*Z7 -> 0.0034492738 | BG7: =AG7*AC7*AA7 -> 0.14807964 | BH7: =AG7*AC7*AB7 -> 1.2408371e-05 | BI7: =BF7*2+BG7*2+BH7*3 -> 0.30309505 | BJ7: =AK7-BI7 -> 1.690141 | BK7: =BI7 -> 0.30309505 | BL7: =BK7+AM7 -> 1.5735727 | BM7: =2*BF7+BG7+3/2*BH7 -> 0.1549968 | BN7: =2*BF7+BG7*2+3*BH7 -> 0.30309505 | BO7: =BL7 -> 1.5735727 | BP7: =BE7 -> 0.31567554 | BQ7: =AJ7*2 -> 3.7784965 | BR7: =AJ7/(BQ7+BE7)*BP7 -> 0.14566791 | BS7: =BO7/BR7*AJ7 -> 20.408541 | BT7: =BS7-BK7 -> 20.105446 | BU7: =BT7-AM7 -> 18.834968 | BV7: =BJ7 -> 1.690141 | BW7: =BN7 -> 0.30309505 | BX7: =AK7*2 -> 3.9864722 | BY7: =AK7/(BX7+BN7)*BW7 -> 0.14083938 | BZ7: =BV7/BY7*AK7 -> 23.919802 | CA7: =BZ7-BJ7 -> 22.229661
A8: 3 | B8: 0.0015414359 | C8: 0.0015414359 | D8: 0.0003425413 | E8: 0 | F8: 0 | G8: 0 | H8: 1.6300359e-05 | I8: 7.447486e-07 | J8: 0.00032385704 | K8: 0.080727109 | L8: 0.081550485 | M8: 0.00098897849 | N8: ddFc | O8: 0.1 | P8: 10 | Q8: 0.0016455479 | R8: 0.0016623316 | S8: 2.0159417e-05 | T8: 0 | U8: 0 | V8: 0 | W8: 0.0016083474 | X8: 6.4624273e-05 | Y8: 2.002559e-05 | Z8: 0.0017299703 | AA8: 0.074299765 | AB8: 6.2234782e-06 | AC8: 0.1 | AD8: 100 | AE8: 18.892482 | AF8: 92.682535 | AG8: 19.930019 | AH8: =AE8*O8 -> 1.8892482 | AI8: =AG8*AC8 -> 1.9930019 | AJ8: =AH8 -> 1.8892482 | AK8: =AI8 -> 1.9930019 | AL8: =AE8*O8*(K8*2+L8*2+M8*3) -> 0.6187706 | AM8: =AJ8-AL8 -> 1.2704776 | AN8: =AJ8-AM8 -> 0.6187706 | AO8: =H8*AD8 -> 0.0016300359 | AP8: =I8*AD8 -> 7.447486e-05 | AQ8: =J8*AD8 -> 0.032385704 | AR8: =0.1*AD8 -> 10 | AS8: =AD8*B8 -> 0.15414359 | AT8: =AD8*C8 -> 0.15414359 | AU8: =AD8*D8 -> 0.03425413 | AV8: =AS8-AO8 -> 0.15251355 | AW8: =AT8-AP8 -> 0.15406911 | AX8: =AU8-AQ8 -> 0.0018684259 | AY8: =AF8*W8 -> 0.14906572 | AZ8: =AF8*X8 -> 0.0059895415 | BA8: =AF8*Y8 -> 0.0018560225 | BB8: =AY8/SUM(AY8:BA8)*100 -> 95 | BC8: =SUM(AY8:BA8) -> 0.15691128 | BD8: =AY8*2+AZ8*1+BA8*3/2 -> 0.30690501 | BE8: =AY8*2+AZ8*2+BA8*3 -> 0.31567858 | BF8: =AG8*AC8*Z8 -> 0.003447834 | BG8: =AG8*AC8*AA8 -> 0.14807957 | BH8: =AG8*AC8*AB8 -> 1.2403404e-05 | BI8: =BF8*2+BG8*2+BH8*3 -> 0.30309202 | BJ8: =AK8-BI8 -> 1.6899098 | BK8: =BI8 -> 0.30309202 | BL8: =BK8+AM8 -> 1.5735697 | BM8: =2*BF8+BG8+3/2*BH8 -> 0.15499384 | BN8: =2*BF8+BG8*2+3*BH8 -> 0.30309202 | BO8: =BL8 -> 1.5735697 | BP8: =BE8 -> 0.31567858 | BQ8: =AJ8*2 -> 3.7784965 | BR8: =AJ8/(BQ8+BE8)*BP8 -> 0.1456692 | BS8: =BO8/BR8*AJ8 -> 20.408321 | BT8: =BS8-BK8 -> 20.105229 | BU8: =BT8-AM8 -> 18.834751 | BV8: =BJ8 -> 1.6899098 | BW8: =BN8 -> 0.30309202 | BX8: =AK8*2 -> 3.9860037 | BY8: =AK8/(BX8+BN8)*BW8 -> 0.1408369 | BZ8: =BV8/BY8*AK8 -> 23.914141 | CA8: =BZ8-BJ8 -> 22.224231
A9: 3 | B9: 0.0015414359 | C9: 0.0015414359 | D9: 0.0003425413 | E9: 0 | F9: 0 | G9: 0 | H9: 1.6300359e-05 | I9: 7.447486e-07 | J9: 0.00032385704 | K9: 0.080727109 | L9: 0.081550485 | M9: 0.00098897849 | N9: ddFc | O9: 0.1 | P9: 11 | Q9: 0.0016455479 | R9: 0.0016623316 | S9: 2.0159417e-05 | T9: 0 | U9: 0 | V9: 0 | W9: 0.0016083519 | X9: 6.4624492e-05 | Y9: 2.0025606e-05 | Z9: 0.0017298217 | AA9: 0.074302253 | AB9: 6.2229743e-06 | AC9: 0.1 | AD9: 100 | AE9: 18.892482 | AF9: 92.682535 | AG9: 19.929348 | AH9: =AE9*O9 -> 1.8892482 | AI9: =AG9*AC9 -> 1.9929348 | AJ9: =AH9 -> 1.8892482 | AK9: =AI9 -> 1.9929348 | AL9: =AE9*O9*(K9*2+L9*2+M9*3) -> 0.6187706 | AM9: =AJ9-AL9 -> 1.2704776 | AN9: =AJ9-AM9 -> 0.6187706 | AO9: =H9*AD9 -> 0.0016300359 | AP9: =I9*AD9 -> 7.447486e-05 | AQ9: =J9*AD9 -> 0.032385704 | AR9: =0.1*AD9 -> 10 | AS9: =AD9*B9 -> 0.15414359 | AT9: =AD9*C9 -> 0.15414359 | AU9: =AD9*D9 -> 0.03425413 | AV9: =AS9-AO9 -> 0.15251355 | AW9: =AT9-AP9 -> 0.15406911 | AX9: =AU9-AQ9 -> 0.0018684259 | AY9: =AF9*W9 -> 0.14906613 | AZ9: =AF9*X9 -> 0.0059895618 | BA9: =AF9*Y9 -> 0.0018560239 | BB9: =AY9/SUM(AY9:BA9)*100 -> 95 | BC9: =SUM(AY9:BA9) -> 0.15691171 | BD9: =AY9*2+AZ9*1+BA9*3/2 -> 0.30690585 | BE9: =AY9*2+AZ9*2+BA9*3 -> 0.31567945 | BF9: =AG9*AC9*Z9 -> 0.0034474219 | BG9: =AG9*AC9*AA9 -> 0.14807955 | BH9: =AG9*AC9*AB9 -> 1.2401982e-05 | BI9: =BF9*2+BG9*2+BH9*3 -> 0.30309115 | BJ9: =AK9-BI9 -> 1.6898437 | BK9: =BI9 -> 0.30309115 | BL9: =BK9+AM9 -> 1.5735688 | BM9: =2*BF9+BG9+3/2*BH9 -> 0.154993 | BN9: =2*BF9+BG9*2+3*BH9 -> 0.30309115 | BO9: =BL9 -> 1.5735688 | BP9: =BE9 -> 0.31567945 | BQ9: =AJ9*2 -> 3.7784965 | BR9: =AJ9/(BQ9+BE9)*BP9 -> 0.14566957 | BS9: =BO9/BR9*AJ9 -> 20.408257 | BT9: =BS9-BK9 -> 20.105166 | BU9: =BT9-AM9 -> 18.834689 | BV9: =BJ9 -> 1.6898437 | BW9: =BN9 -> 0.30309115 | BX9: =AK9*2 -> 3.9858697 | BY9: =AK9/(BX9+BN9)*BW9 -> 0.14083619 | BZ9: =BV9/BY9*AK9 -> 23.912521 | CA9: =BZ9-BJ9 -> 22.222677
A10: 3 | B10: 0.0015414359 | C10: 0.0015414359 | D10: 0.0003425413 | E10: 0 | F10: 0 | G10: 0 | H10: 1.6300359e-05 | I10: 7.447486e-07 | J10: 0.00032385704 | K10: 0.080727109 | L10: 0.081550485 | M10: 0.00098897849 | N10: ddFc | O10: 0.1 | P10: 12 | Q10: 0.0016455479 | R10: 0.0016623316 | S10: 2.0159417e-05 | T10: 0 | U10: 0 | V10: 0 | W10: 0.0016083531 | X10: 6.4624554e-05 | Y10: 2.002561e-05 | Z10: 0.0017297792 | AA10: 0.074302965 | AB10: 6.2228302e-06 | AC10: 0.1 | AD10: 100 | AE10: 18.892482 | AF10: 92.682535 | AG10: 19.929157 | AH10: =AE10*O10 -> 1.8892482 | AI10: =AG10*AC10 -> 1.9929157 | AJ10: =AH10 -> 1.8892482 | AK10: =AI10 -> 1.9929157 | AL10: =AE10*O10*(K10*2+L10*2+M10*3) -> 0.6187706 | AM10: =AJ10-AL10 -> 1.2704776 | AN10: =AJ10-AM10 -> 0.6187706 | AO10: =H10*AD10 -> 0.0016300359 | AP10: =I10*AD10 -> 7.447486e-05 | AQ10: =J10*AD10 -> 0.032385704 | AR10: =0.1*AD10 -> 10 | AS10: =AD10*B10 -> 0.15414359 | AT10: =AD10*C10 -> 0.15414359 | AU10: =AD10*D10 -> 0.03425413 | AV10: =AS10-AO10 -> 0.15251355 | AW10: =AT10-AP10 -> 0.15406911 | AX10: =AU10-AQ10 -> 0.0018684259 | AY10: =AF10*W10 -> 0.14906625 | AZ10: =AF10*X10 -> 0.0059895676 | BA10: =AF10*Y10 -> 0.0018560243 | BB10: =AY10/SUM(AY10:BA10)*100 -> 95 | BC10: =SUM(AY10:BA10) -> 0.15691184 | BD10: =AY10*2+AZ10*1+BA10*3/2 -> 0.30690609 | BE10: =AY10*2+AZ10*2+BA10*3 -> 0.3156797 | BF10: =AG10*AC10*Z10 -> 0.0034473041 | BG10: =AG10*AC10*AA10 -> 0.14807954 | BH10: =AG10*AC10*AB10 -> 1.2401576e-05 | BI10: =BF10*2+BG10*2+BH10*3 -> 0.3030909 | BJ10: =AK10-BI10 -> 1.6898248 | BK10: =BI10 -> 0.3030909 | BL10: =BK10+AM10 -> 1.5735685 | BM10: =2*BF10+BG10+3/2*BH10 -> 0.15499275 | BN10: =2*BF10+BG10*2+3*BH10 -> 0.3030909 | BO10: =BL10 -> 1.5735685 | BP10: =BE10 -> 0.3156797 | BQ10: =AJ10*2 -> 3.7784965 | BR10: =AJ10/(BQ10+BE10)*BP10 -> 0.14566968 | BS10: =BO10/BR10*AJ10 -> 20.408239 | BT10: =BS10-BK10 -> 20.105148 | BU10: =BT10-AM10 -> 18.834671 | BV10: =BJ10 -> 1.6898248 | BW10: =BN10 -> 0.3030909 | BX10: =AK10*2 -> 3.9858313 | BY10: =AK10/(BX10+BN10)*BW10 -> 0.14083599 | BZ10: =BV10/BY10*AK10 -> 23.912057 | CA10: =BZ10-BJ10 -> 22.222233
A11: 3 | B11: 0.0015414359 | C11: 0.0015414359 | D11: 0.0003425413 | E11: 0 | F11: 0 | G11: 0 | H11: 1.6300359e-05 | I11: 7.447486e-07 | J11: 0.00032385704 | K11: 0.080727109 | L11: 0.081550485 | M11: 0.00098897849 | N11: ddFc | O11: 0.1 | P11: 13 | Q11: 0.0016455479 | R11: 0.0016623316 | S11: 2.0159417e-05 | T11: 0 | U11: 0 | V11: 0 | W11: 0.0016083535 | X11: 6.4624572e-05 | Y11: 2.0025611e-05 | Z11: 0.0017297671 | AA11: 0.074303169 | AB11: 6.222789e-06 | AC11: 0.1 | AD11: 100 | AE11: 18.892482 | AF11: 92.682535 | AG11: 19.929102 | AH11: =AE11*O11 -> 1.8892482 | AI11: =AG11*AC11 -> 1.9929102 | AJ11: =AH11 -> 1.8892482 | AK11: =AI11 -> 1.9929102 | AL11: =AE11*O11*(K11*2+L11*2+M11*3) -> 0.6187706 | AM11: =AJ11-AL11 -> 1.2704776 | AN11: =AJ11-AM11 -> 0.6187706 | AO11: =H11*AD11 -> 0.0016300359 | AP11: =I11*AD11 -> 7.447486e-05 | AQ11: =J11*AD11 -> 0.032385704 | AR11: =0.1*AD11 -> 10 | AS11: =AD11*B11 -> 0.15414359 | AT11: =AD11*C11 -> 0.15414359 | AU11: =AD11*D11 -> 0.03425413 | AV11: =AS11-AO11 -> 0.15251355 | AW11: =AT11-AP11 -> 0.15406911 | AX11: =AU11-AQ11 -> 0.0018684259 | AY11: =AF11*W11 -> 0.14906628 | AZ11: =AF11*X11 -> 0.0059895692 | BA11: =AF11*Y11 -> 0.0018560244 | BB11: =AY11/SUM(AY11:BA11)*100 -> 95 | BC11: =SUM(AY11:BA11) -> 0.15691187 | BD11: =AY11*2+AZ11*1+BA11*3/2 -> 0.30690616 | BE11: =AY11*2+AZ11*2+BA11*3 -> 0.31567977 | BF11: =AG11*AC11*Z11 -> 0.0034472704 | BG11: =AG11*AC11*AA11 -> 0.14807954 | BH11: =AG11*AC11*AB11 -> 1.240146e-05 | BI11: =BF11*2+BG11*2+BH11*3 -> 0.30309083 | BJ11: =AK11-BI11 -> 1.6898194 | BK11: =BI11 -> 0.30309083 | BL11: =BK11+AM11 -> 1.5735685 | BM11: =2*BF11+BG11+3/2*BH11 -> 0.15499268 | BN11: =2*BF11+BG11*2+3*BH11 -> 0.30309083 | BO11: =BL11 -> 1.5735685 | BP11: =BE11 -> 0.31567977 | BQ11: =AJ11*2 -> 3.7784965 | BR11: =AJ11/(BQ11+BE11)*BP11 -> 0.14566971 | BS11: =BO11/BR11*AJ11 -> 20.408234 | BT11: =BS11-BK11 -> 20.105143 | BU11: =BT11-AM11 -> 18.834666 | BV11: =BJ11 -> 1.6898194 | BW11: =BN11 -> 0.30309083 | BX11: =AK11*2 -> 3.9858204 | BY11: =AK11/(BX11+BN11)*BW11 -> 0.14083593 | BZ11: =BV11/BY11*AK11 -> 23.911925 | CA11: =BZ11-BJ11 -> 22.222106
A12: 4 | B12: 0.0015414359 | C12: 0.0015414359 | D12: 0.0003425413 | E12: 0 | F12: 0 | G12: 0 | H12: 1.7208961e-05 | I12: 2.8768785e-07 | J12: 0.00033243633 | K12: 0.10920586 | L12: 0.11041822 | M12: 0.00072398826 | N12: ddFc | O12: 0.1 | P12: 4 | Q12: 0.001648165 | R12: 0.0016664622 | S12: 1.0926631e-05 | T12: 0 | U12: 0 | V12: 0 | W12: 0.0016024674 | X12: 7.3502024e-05 | Y12: 1.0838365e-05 | Z12: 0.0020055299 | AA12: 0.069910132 | AB12: 3.8737261e-06 | AC12: 0.1 | AD12: 100 | AE12: 13.957372 | AF12: 92.480234 | AG12: 21.072386 | AH12: =AE12*O12 -> 1.3957372 | AI12: =AG12*AC12 -> 2.1072386 | AJ12: =AH12 -> 1.3957372 | AK12: =AI12 -> 2.1072386 | AL12: =AE12*O12*(K12*2+L12*2+M12*3) -> 0.6161065 | AM12: =AJ12-AL12 -> 0.77963075 | AN12: =AJ12-AM12 -> 0.6161065 | AO12: =H12*AD12 -> 0.0017208961 | AP12: =I12*AD12 -> 2.8768785e-05 | AQ12: =J12*AD12 -> 0.033243633 | AR12: =0.1*AD12 -> 10 | AS12: =AD12*B12 -> 0.15414359 | AT12: =AD12*C12 -> 0.15414359 | AU12: =AD12*D12 -> 0.03425413 | AV12: =AS12-AO12 -> 0.15242269 | AW12: =AT12-AP12 -> 0.15411482 | AX12: =AU12-AQ12 -> 0.0010104974 | AY12: =AF12*W12 -> 0.14819656 | AZ12: =AF12*X12 -> 0.0067974844 | BA12: =AF12*Y12 -> 0.0010023345 | BB12: =AY12/SUM(AY12:BA12)*100 -> 95 | BC12: =SUM(AY12:BA12) -> 0.15599638 | BD12: =AY12*2+AZ12*1+BA12*3/2 -> 0.3046941 | BE12: =AY12*2+AZ12*2+BA12*3 -> 0.31299509 | BF12: =AG12*AC12*Z12 -> 0.0042261302 | BG12: =AG12*AC12*AA12 -> 0.14731733 | BH12: =AG12*AC12*AB12 -> 8.1628653e-06 | BI12: =BF12*2+BG12*2+BH12*3 -> 0.30311141 | BJ12: =AK12-BI12 -> 1.8041272 | BK12: =BI12 -> 0.30311141 | BL12: =BK12+AM12 -> 1.0827422 | BM12: =2*BF12+BG12+3/2*BH12 -> 0.15578184 | BN12: =2*BF12+BG12*2+3*BH12 -> 0.30311141 | BO12: =BL12 -> 1.0827422 | BP12: =BE12 -> 0.31299509 | BQ12: =AJ12*2 -> 2.7914745 | BR12: =AJ12/(BQ12+BE12)*BP12 -> 0.14071934 | BS12: =BO12/BR12*AJ12 -> 10.739274 | BT12: =BS12-BK12 -> 10.436163 | BU12: =BT12-AM12 -> 9.6565321 | BV12: =BJ12 -> 1.8041272 | BW12: =BN12 -> 0.30311141 | BX12: =AK12*2 -> 4.2144773 | BY12: =AK12/(BX12+BN12)*BW12 -> 0.14138695 | BZ12: =BV12/BY12*AK12 -> 26.888809 | CA12: =BZ12-BJ12 -> 25.084681
A13: 4 | B13: 0.0015414359 | C13: 0.0015414359 | D13: 0.0003425413 | E13: 0 | F13: 0 | G13: 0 | H13: 1.7208961e-05 | I13: 2.8768785e-07 | J13: 0.00033243633 | K13: 0.10920586 | L13: 0.11041822 | M13: 0.00072398826 | N13: ddFc | O13: 0.1 | P13: 5 | Q13: 0.001648165 | R13: 0.0016664622 | S13: 1.0926631e-05 | T13: 0 | U13: 0 | V13: 0 | W13: 0.0016085253 | X13: 7.3809557e-05 | Y13: 1.0849671e-05 | Z13: 0.0018177669 | AA13: 0.073034601 | AB13: 3.5291806e-06 | AC13: 0.1 | AD13: 100 | AE13: 13.957372 | AF13: 92.480234 | AG13: 20.167001 | AH13: =AE13*O13 -> 1.3957372 | AI13: =AG13*AC13 -> 2.0167001 | AJ13: =AH13 -> 1.3957372 | AK13: =AI13 -> 2.0167001 | AL13: =AE13*O13*(K13*2+L13*2+M13*3) -> 0.6161065 | AM13: =AJ13-AL13 -> 0.77963075 | AN13: =AJ13-AM13 -> 0.6161065 | AO13: =H13*AD13 -> 0.0017208961 | AP13: =I13*AD13 -> 2.8768785e-05 | AQ13: =J13*AD13 -> 0.033243633 | AR13: =0.1*AD13 -> 10 | AS13: =AD13*B13 -> 0.15414359 | AT13: =AD13*C13 -> 0.15414359 | AU13: =AD13*D13 -> 0.03425413 | AV13: =AS13-AO13 -> 0.15242269 | AW13: =AT13-AP13 -> 0.15411482 | AX13: =AU13-AQ13 -> 0.0010104974 | AY13: =AF13*W13 -> 0.1487568 | AZ13: =AF13*X13 -> 0.0068259251 | BA13: =AF13*Y13 -> 0.0010033801 | BB13: =AY13/SUM(AY13:BA13)*100 -> 95 | BC13: =SUM(AY13:BA13) -> 0.1565861 | BD13: =AY13*2+AZ13*1+BA13*3/2 -> 0.30584459 | BE13: =AY13*2+AZ13*2+BA13*3 -> 0.31417559 | BF13: =AG13*AC13*Z13 -> 0.0036658908 | BG13: =AG13*AC13*AA13 -> 0.14728889 | BH13: =AG13*AC13*AB13 -> 7.1172989e-06 | BI13: =BF13*2+BG13*2+BH13*3 -> 0.30193092 | BJ13: =AK13-BI13 -> 1.7147692 | BK13: =BI13 -> 0.30193092 | BL13: =BK13+AM13 -> 1.0815617 | BM13: =2*BF13+BG13+3/2*BH13 -> 0.15463135 | BN13: =2*BF13+BG13*2+3*BH13 -> 0.30193092 | BO13: =BL13 -> 1.0815617 | BP13: =BE13 -> 0.31417559 | BQ13: =AJ13*2 -> 2.7914745 | BR13: =AJ13/(BQ13+BE13)*BP13 -> 0.14119639 | BS13: =BO13/BR13*AJ13 -> 10.691321 | BT13: =BS13-BK13 -> 10.38939 | BU13: =BT13-AM13 -> 9.6097594 | BV13: =BJ13 -> 1.7147692 | BW13: =BN13 -> 0.30193092 | BX13: =AK13*2 -> 4.0334003 | BY13: =AK13/(BX13+BN13)*BW13 -> 0.14045158 | BZ13: =BV13/BY13*AK13 -> 24.621833 | CA13: =BZ13-BJ13 -> 22.907064
... A101: 12 | B101: 0.0015414359 | C101: 0.0015414359 | D101: 0.0003425413 | E101: 0 | F101: 0 | G101: 0 | H101: 1.7771599e-05 | I101: 6.3113732e-11 | J101: 0.00033766156 | K101: 0.13911792 | L101: 0.14074054 | M101: 0.00044554366 | N101: ddFc | O101: 0.1 | P101: 13 | Q101: 0.0016497576 | R101: 0.0016689998 | S101: 5.2835684e-06 | T101: 0 | U101: 0 | V101: 0 | W101: 0.001612811 | X101: 7.9635968e-05 | Y101: 5.2488219e-06 | Z101: 0.0017332447 | AA101: 0.07456056 | AB101: 1.6300356e-06 | AC101: 0.1 | AD101: 100 | AE101: 10.952322 | AF101: 92.356858 | AG101: 19.687171 | AH101: =AE101*O101 -> 1.0952322 | AI101: =AG101*AC101 -> 1.9687171 | AJ101: =AH101 -> 1.0952322 | AK101: =AI101 -> 1.9687171 | AL101: =AE101*O101*(K101*2+L101*2+M101*3) -> 0.61448393 | AM101: =AJ101-AL101 -> 0.4807483 | AN101: =AJ101-AM101 -> 0.61448393 | AO101: =H101*AD101 -> 0.0017771599 | AP101: =I101*AD101 -> 6.3113732e-09 | AQ101: =J101*AD101 -> 0.033766156 | AR101: =0.1*AD101 -> 10 | AS101: =AD101*B101 -> 0.15414359 | AT101: =AD101*C101 -> 0.15414359 | AU101: =AD101*D101 -> 0.03425413 | AV101: =AS101-AO101 -> 0.15236643 | AW101: =AT101-AP101 -> 0.15414358 | AX101: =AU101-AQ101 -> 0.00048797377 | AY101: =AF101*W101 -> 0.14895416 | AZ101: =AF101*X101 -> 0.0073549278 | BA101: =AF101*Y101 -> 0.00048476469 | BB101: =AY101/SUM(AY101:BA101)*100 -> 95 | BC101: =SUM(AY101:BA101) -> 0.15679385 | BD101: =AY101*2+AZ101*1+BA101*3/2 -> 0.30599039 | BE101: =AY101*2+AZ101*2+BA101*3 -> 0.31407246 | BF101: =AG101*AC101*Z101 -> 0.0034122684 | BG101: =AG101*AC101*AA101 -> 0.14678865 | BH101: =AG101*AC101*AB101 -> 3.2090791e-06 | BI101: =BF101*2+BG101*2+BH101*3 -> 0.30041147 | BJ101: =AK101-BI101 -> 1.6683057 | BK101: =BI101 -> 0.30041147 | BL101: =BK101+AM101 -> 0.78115977 | BM101: =2*BF101+BG101+3/2*BH101 -> 0.153618 | BN101: =2*BF101+BG101*2+3*BH101 -> 0.30041147 | BO101: =BL101 -> 0.78115977 | BP101: =BE101 -> 0.31407246 | BQ101: =AJ101*2 -> 2.1904645 | BR101: =AJ101/(BQ101+BE101)*BP101 -> 0.13734367 | BS101: =BO101/BR101*AJ101 -> 6.2292742 | BT101: =BS101-BK101 -> 5.9288627 | BU101: =BT101-AM101 -> 5.4481144 | BV101: =BJ101 -> 1.6683057 | BW101: =BN101 -> 0.30041147 | BX101: =AK101*2 -> 3.9374343 | BY101: =AK101/(BX101+BN101)*BW101 -> 0.13955798 | BZ101: =BV101/BY101*AK101 -> 23.534461 | CA101: =BZ101-BJ101 -> 21.866155

Sheet PFD with Stream Indices

Sheet S1-3 Stg S2-4 Stg Stream Flows
A1: Stream Index: | B1: 1 | C1: =B1+1 -> 2 | D1: =C1+1 -> 3 | E1: =D1+1 -> 4 | F1: =E1+1 -> 5 | G1: =F1+1 -> 6 | H1: =G1+1 -> 7 | I1: =H1+1 -> 8 | J1: =I1+1 -> 9 | ... AN1: =AM1+1 -> 39
A2: Description: | B2: Fresh Feed Chlorate Mix Ox Loop 1 | C2: OX1 Aq Feed | D2: OX1 Aq Exit | E2: EYZ1 Anode Exit | F2: Purge Ox Loop 1 | G2: Recycle Mixed With Fresh Feed Chlorate Ox Loop 1 | H2: OX1 Org Exit | I2: S1 Org Exit | J2: ddFc Recycle | K2: Feed Leachate | L2: Raffinate Leachate | M2: Exit Aq RED1 | N2: Exit Aq S2 | O2: Pt 95 Mol% Purity | P2: Cl2 Purge 1 | Q2: EW1 Exit Aq | R2: EYZ1 Cathode Exit | S2: Aq Purge Red Loop 1 | T2: Recycle Mixed With Fresh Feed Ferrocyanide Red Loop 1 | U2: Fresh Feed Ferrocyanide Red Loop 1 | V2: RED1 Aq Feed | W2: Fresh Feed Chlorate Mix Ox Loop 2 | X2: OX2 Aq Feed | Y2: OX2 Aq Exit | Z2: EYZ2 Anode Exit | AA2: Purge Ox Loop 1 | AB2: Recycle Mixed With Fresh Feed Chlorate Ox Loop 2 | AC2: OX1 Org Exit | AD2: S2 Org Exit | AE2: coeFc Recycle | AF2: RED2 Aq Exit | AG2: Pd 95 Mol% Purity | AH2: Cl2 Purge 2 | AI2: EW2 Exit Aq | AJ2: EYZ2 Cathode Exit | AK2: Purge Red Loop 2 | AL2: Recycle Mixed With Fresh Feed Ferrocyanide Red Loop 2 | AM2: Fresh Feed Ferrocyanide Red Loop 2 | AN2: RED2 Aq Feed
A3: Vol Flow [L/min] | B3: =B12/0.2 -> 9.4462412 | C3: =D3 -> 11.335489 | D3: =E3 -> 11.335489 | E3: =E11/F11*F3 -> 11.335489 | F3: =B3 -> 9.4462412 | G3: =E3-F3 -> 1.8892482 | H3: ='eLLE Bals'!AE2 -> 18.892482 | I3: =H3 -> 18.892482 | J3: =I3 -> 18.892482 | K3: ='eLLE Bals'!AD2 -> 100 | L3: =K3 -> 100 | M3: ='eLLE Bals'!AF2 -> 92.682535 | N3: =M3 -> 92.682535 | O3: 0 | P3: =P24*70.906/1000/(0.003214) -> 6.7287596 | Q3: =N3 -> 92.682535 | R3: =Q3 -> 92.682535 | S3: =S12/Q12*R3 -> 7.1053222 | T3: =R3-S3 -> 85.577213 | U3: =S3 -> 7.1053222 | V3: =T3+U3 -> 92.682535 | W3: =W12/0.2 -> 10.719813 | X3: =Z3 -> 12.863775 | Y3: =Z3 -> 12.863775 | Z3: =Z5/AA5*AA3 -> 12.863775 | AA3: =W3 -> 10.719813 | AB3: =Z3-AA3 -> 2.1439626 | AC3: ='eLLE Bals'!AG2 -> 21.439626 | AD3: =AC3 -> 21.439626 | AE3: =AD3 -> 21.439626 | AF3: =AN3 -> 107.19813 | AG3: 0 | AH3: =AH24*70.906/1000/(0.003214) -> 3.4614705 | AI3: =AF3 -> 107.19813 | AJ3: =AK3*AJ5/AK5 -> 107.19813 | AK3: =AM3 -> 7.1197144 | AL3: =AJ3-AK3 -> 100.07841 | AM3: =AM17/0.02 -> 7.1197144 | AN3: =AL3+AM3 -> 107.19813
A4: Material Flows [mol/min]
A5: Na+ | B5: =SUM(B9:B12) -> 6.0455944 | C5: =SUM(C9:C12) -> 6.8768636 | D5: =SUM(D9:D12) -> 6.8768636 | E5: =SUM(E9:E12) -> 4.9876154 | F5: =SUM(F9:F12) -> 4.1563461 | G5: =SUM(G9:G12) -> 0.83126923 | H5: 0 | I5: 0 | J5: 0 | K5: =K15*2+K16*3+K13 -> 10.41105 | L5: =K5 -> 10.41105 | M5: =N5 -> 30.311288 | N5: =N12+N13+N14*2+N15*2+N16*3+N17*4+N18*3 -> 30.311288 | O5: 0 | P5: 0 | Q5: =N5 -> 30.311288 | R5: =R12+R13+R14*2+R15*2+R16*3+R17*4+R18*3 -> 32.200536 | S5: =S3/R3*R5 -> 2.4685901 | T5: =R5-S5 -> 29.731946 | U5: =U17*4 -> 0.57934183 | V5: =T5+U5 -> 30.311288 | W5: =SUM(W9:W12) -> 6.8606802 | X5: =SUM(X9:X12) -> 7.8040237 | Y5: =SUM(Y9:Y12) -> 7.8040237 | Z5: =SUM(Z9:Z12) -> 5.6600611 | AA5: =SUM(AA9:AA12) -> 4.7167176 | AB5: =SUM(AB9:AB12) -> 0.94334352 | AC5: 0 | AD5: 0 | AE5: 0 | AF5: =AN5 -> 38.712504 | AG5: 0 | AH5: 0 | AI5: =AF5 -> 38.712504 | AJ5: =AJ12+AJ13+AJ17*4 -> 40.856467 | AK5: =AJ5/AJ12*AK12 -> 2.7135397 | AL5: =AJ5-AK5 -> 38.142927 | AM5: =AM17*4 -> 0.56957715 | AN5: =AN12+AN13+4*AN17 -> 38.712504
A6: H+ | B6: 0 | C6: 0 | D6: 0 | E6: 0 | F6: 0 | G6: 0 | H6: 0 | I6: 0 | J6: 0 | K6: =K14*2 -> 0.30828717 | L6: =K6 -> 0.30828717 | M6: 0 | N6: 0 | O6: 0 | P6: 0 | Q6: 0 | R6: 0 | S6: 0 | T6: =R6-S6 -> 0 | U6: 0 | V6: =T6+U6 -> 0 | W6: 0 | X6: 0 | Y6: 0 | Z6: 0 | AA6: 0 | AB6: 0 | AC6: 0 | AD6: 0 | AE6: 0 | AF6: 0 | AG6: 0 | AH6: 0 | AI6: 0 | AJ6: 0 | AK6: 0 | AL6: =AJ6-AK6 -> 0 | AM6: 0 | AN6: =AL6+AM6 -> 0
A7: ddFc+ | B7: 0 | C7: 0 | D7: 0 | E7: 0 | F7: 0 | G7: 0 | H7: =H12 -> 1.8892482 | I7: =I12+2*I14+2*I15+3*I16 -> 1.8892482 | J7: 0 | K7: 0 | L7: 0 | M7: 0 | N7: 0 | O7: 0 | P7: 0 | Q7: 0 | R7: 0 | S7: 0 | T7: =R7-S7 -> 0 | U7: 0 | V7: =T7+U7 -> 0 | W7: 0 | X7: 0 | Y7: 0 | Z7: 0 | AA7: 0 | AB7: 0 | AC7: 0 | AD7: 0 | AE7: 0 | AF7: 0 | AG7: 0 | AH7: 0 | AI7: 0 | AJ7: 0 | AK7: 0 | AL7: =AJ7-AK7 -> 0 | AM7: 0 | AN7: 0
A8: coeFc+ | B8: 0 | C8: 0 | D8: 0 | E8: 0 | F8: 0 | G8: 0 | H8: 0 | I8: 0 | J8: 0 | K8: 0 | L8: 0 | M8: 0 | N8: 0 | O8: 0 | P8: 0 | Q8: 0 | R8: 0 | S8: 0 | T8: =R8-S8 -> 0 | U8: 0 | V8: =T8+U8 -> 0 | W8: 0 | X8: 0 | Y8: 0 | Z8: 0 | AA8: 0 | AB8: 0 | AC8: =AC12 -> 2.1439626 | AD8: =AC8 -> 2.1439626 | AE8: 0 | AF8: 0 | AG8: 0 | AH8: 0 | AI8: 0 | AJ8: 0 | AK8: 0 | AL8: =AJ8-AK8 -> 0 | AM8: 0 | AN8: 0
A9: IO3- | B9: ='Oxidant Feed Composition'!N20/'Oxidant Feed Composition'!N23*B12 -> 0.062974941 | C9: =B9+G9 -> 0.07556993 | D9: =C9 -> 0.07556993 | E9: =F9/F10*E10 -> 0.07556993 | F9: =B9 -> 0.062974941 | G9: =E9-F9 -> 0.012594988 | H9: 0 | I9: 0 | J9: 0 | K9: 0 | L9: 0 | M9: 0 | N9: 0 | O9: 0 | P9: 0 | Q9: 0 | R9: 0 | S9: 0 | T9: =R9-S9 -> 0 | U9: 0 | V9: =T9+U9 -> 0 | W9: ='Oxidant Feed Composition'!N20/'Oxidant Feed Composition'!N23*W12 -> 0.071465418 | X9: =W9+AB9 -> 0.085758502 | Y9: =X9 -> 0.085758502 | Z9: =Y9 -> 0.085758502 | AA9: =W9 -> 0.071465418 | AB9: =AA9/AA10*AB10 -> 0.014293084 | AC9: 0 | AD9: 0 | AE9: 0 | AF9: 0 | AG9: 0 | AH9: 0 | AI9: 0 | AJ9: 0 | AK9: 0 | AL9: =AJ9-AK9 -> 0 | AM9: 0 | AN9: 0
A10: I- | B10: ='Oxidant Feed Composition'!N21/'Oxidant Feed Composition'!N23*B12 -> 3.1487471 | C10: =B10+G10 -> 3.7784965 | D10: =C10+3*B11 -> 6.6123688 | E10: =F10/F11*E11 -> 3.7784965 | F10: =B10 -> 3.1487471 | G10: =E10-F10 -> 0.62974941 | H10: 0 | I10: 0 | J10: 0 | K10: 0 | L10: 0 | M10: 0 | N10: 0 | O10: 0 | P10: 0 | Q10: 0 | R10: 0 | S10: 0 | T10: =R10-S10 -> 0 | U10: 0 | V10: =T10+U10 -> 0 | W10: ='Oxidant Feed Composition'!N21/'Oxidant Feed Composition'!N23*W12 -> 3.5732709 | X10: =W10+AB10 -> 4.2879251 | Y10: =W11*3+X10 -> 7.5038689 | Z10: =Y10-3*W11 -> 4.2879251 | AA10: =W10 -> 3.5732709 | AB10: =AA10/AA11*AB11 -> 0.71465418 | AC10: 0 | AD10: 0 | AE10: 0 | AF10: 0 | AG10: 0 | AH10: 0 | AI10: 0 | AJ10: 0 | AK10: 0 | AL10: =AJ10-AK10 -> 0 | AM10: 0 | AN10: 0
A11: I3- | B11: =B12*0.5 -> 0.94462412 | C11: =B11*1.2 -> 1.1335489 | D11: =C11-B11 -> 0.18892482 | E11: =C11 -> 1.1335489 | F11: =B11 -> 0.94462412 | G11: =E11-F11 -> 0.18892482 | H11: 0 | I11: 0 | J11: 0 | K11: 0 | L11: 0 | M11: 0 | N11: 0 | O11: 0 | P11: 0 | Q11: 0 | R11: 0 | S11: 0 | T11: =R11-S11 -> 0 | U11: 0 | V11: =T11+U11 -> 0 | W11: =0.5*W12 -> 1.0719813 | X11: =W11*1.2 -> 1.2863775 | Y11: =X11-W11 -> 0.21439626 | Z11: =Y11+W11 -> 1.2863775 | AA11: =W11 -> 1.0719813 | AB11: =X11-W11 -> 0.21439626 | AC11: 0 | AD11: 0 | AE11: 0 | AF11: 0 | AG11: 0 | AH11: 0 | AI11: 0 | AJ11: 0 | AK11: 0 | AL11: =AJ11-AK11 -> 0 | AM11: 0 | AN11: 0
A12: ClO4- | B12: ='eLLE Bals'!AJ2 -> 1.8892482 | C12: =B12 -> 1.8892482 | D12: 0 | E12: 0 | F12: 0 | G12: 0 | H12: =B12 -> 1.8892482 | I12: ='eLLE Bals'!AM2 -> 1.2704776 | J12: 0 | K12: 0 | L12: =H12-I12 -> 0.6187706 | M12: =N12-'eLLE Bals'!BK2 -> 20.246276 | N12: =Q12 -> 20.551325 | O12: 0 | P12: 0 | Q12: =S12/S13*Q13 -> 20.551325 | R12: =Q12 -> 20.551325 | S12: ='eLLE Bals'!BO2 -> 1.5755265 | T12: =R12-S12 -> 18.975799 | U12: 0 | V12: =T12+U12 -> 18.975799 | W12: ='eLLE Bals'!AK2 -> 2.1439626 | X12: =W12+AB12 -> 2.1439626 | Y12: 0 | Z12: 0 | AA12: 0 | AB12: 0 | AC12: =X12 -> 2.1439626 | AD12: ='eLLE Bals'!BJ2 -> 1.8389137 | AE12: 0 | AF12: =AI12 -> 27.687643 | AG12: 0 | AH12: 0 | AI12: =AJ12 -> 27.687643 | AJ12: =AK12/AK13*AJ13 -> 27.687643 | AK12: =AD12 -> 1.8389137 | AL12: =AJ12-AK12 -> 25.848729 | AM12: 0 | AN12: =AL12+AM12 -> 25.848729
A13: Cl- | B13: 0 | C13: 0 | D13: 0 | E13: 0 | F13: 0 | G13: 0 | H13: 0 | I13: 0 | J13: 0 | K13: =K3*0.1 -> 10 | L13: =K13 -> 10 | M13: ='eLLE Bals'!BQ2 -> 3.7784965 | N13: =M13 -> 3.7784965 | O13: 0 | P13: 0 | Q13: =N13+'eLLE Bals'!BE2 -> 4.0922183 | R13: =Q13 -> 4.0922183 | S13: =Q13-N13 -> 0.31372177 | T13: =R13-S13 -> 3.7784965 | U13: 0 | V13: =T13+U13 -> 3.7784965 | W13: 0 | X13: 0 | Y13: 0 | Z13: 0 | AA13: 0 | AB13: 0 | AC13: 0 | AD13: 0 | AE13: 0 | AF13: =AN13 -> 4.2879251 | AG13: 0 | AH13: 0 | AI13: =AF13+'eLLE Bals'!BN2 -> 4.5929739 | AJ13: =AI13 -> 4.5929739 | AK13: ='eLLE Bals'!BN2 -> 0.30504882 | AL13: =AJ13-AK13 -> 4.2879251 | AM13: 0 | AN13: ='eLLE Bals'!BX2 -> 4.2879251
A14: [PtCl6]2- | B14: 0 | C14: 0 | D14: 0 | E14: 0 | F14: 0 | G14: 0 | H14: 0 | I14: ='eLLE Bals'!AV2 -> 0.15251355 | J14: 0 | K14: ='eLLE Bals'!AS2 -> 0.15414359 | L14: =K14-I14 -> 0.0016300359 | M14: =I14 -> 0.15251355 | N14: ='eLLE Bals'!AY2 -> 0.14813775 | O14: 0 | P14: 0 | Q14: 0 | R14: 0 | S14: 0 | T14: =R14-S14 -> 0 | U14: 0 | V14: =T14+U14 -> 0 | W14: 0 | X14: 0 | Y14: 0 | Z14: 0 | AA14: 0 | AB14: 0 | AC14: 0 | AD14: ='eLLE Bals'!BF2 -> 0.0043757972 | AE14: 0 | AF14: =AD14 -> 0.0043757972 | AG14: 0 | AH14: 0 | AI14: 0 | AJ14: 0 | AK14: 0 | AL14: =AJ14-AK14 -> 0 | AM14: 0 | AN14: =AL14+AM14 -> 0
A15: [PdCl4]2- | B15: 0 | C15: 0 | D15: 0 | E15: 0 | F15: 0 | G15: 0 | H15: 0 | I15: ='eLLE Bals'!AW2 -> 0.15406911 | J15: 0 | K15: ='eLLE Bals'!AT2 -> 0.15414359 | L15: =K15-I15 -> 7.447486e-05 | M15: =I15 -> 0.15406911 | N15: ='eLLE Bals'!AZ2 -> 0.0059439026 | O15: 0 | P15: 0 | Q15: 0 | R15: 0 | S15: 0 | T15: =R15-S15 -> 0 | U15: 0 | V15: =T15+U15 -> 0 | W15: 0 | X15: 0 | Y15: 0 | Z15: 0 | AA15: 0 | AB15: 0 | AC15: 0 | AD15: ='eLLE Bals'!BG2 -> 0.14812521 | AE15: 0 | AF15: =AD15 -> 0.14812521 | AG15: 0 | AH15: 0 | AI15: 0 | AJ15: 0 | AK15: 0 | AL15: =AJ15-AK15 -> 0 | AM15: 0 | AN15: =AL15+AM15 -> 0
A16: [RhCl6]3- | B16: 0 | C16: 0 | D16: 0 | E16: 0 | F16: 0 | G16: 0 | H16: 0 | I16: ='eLLE Bals'!AX2 -> 0.0018684259 | J16: 0 | K16: ='eLLE Bals'!AU2 -> 0.03425413 | L16: =K16-I16 -> 0.032385704 | M16: =I16 -> 0.0018684259 | N16: ='eLLE Bals'!BA2 -> 0.0018528212 | O16: 0 | P16: 0 | Q16: 0 | R16: 0 | S16: 0 | T16: =R16-S16 -> 0 | U16: 0 | V16: =T16+U16 -> 0 | W16: 0 | X16: 0 | Y16: 0 | Z16: 0 | AA16: 0 | AB16: 0 | AC16: 0 | AD16: ='eLLE Bals'!BH2 -> 1.5604672e-05 | AE16: 0 | AF16: =AD16 -> 1.5604672e-05 | AG16: 0 | AH16: 0 | AI16: 0 | AJ16: 0 | AK16: 0 | AL16: =AJ16-AK16 -> 0 | AM16: 0 | AN16: =AL16+AM16 -> 0
A17: [Fe(CN)6]4- | B17: 0 | C17: 0 | D17: 0 | E17: 0 | F17: 0 | G17: 0 | H17: 0 | I17: 0 | J17: 0 | K17: 0 | L17: 0 | M17: 0 | N17: 0 | O17: 0 | P17: 0 | Q17: 0 | R17: =Q18 -> 1.8892482 | S17: =S3/R3*R17 -> 0.14483546 | T17: =R17-S17 -> 1.7444128 | U17: =S17 -> 0.14483546 | V17: =T17+U17 -> 1.8892482 | W17: 0 | X17: 0 | Y17: 0 | Z17: 0 | AA17: 0 | AB17: 0 | AC17: 0 | AD17: 0 | AE17: 0 | AF17: 0 | AG17: 0 | AH17: 0 | AI17: 0 | AJ17: =AD8 -> 2.1439626 | AK17: =AJ17/AJ13*AK13 -> 0.14239429 | AL17: =AJ17-AK17 -> 2.0015683 | AM17: =AK17 -> 0.14239429 | AN17: =AL17+AM17 -> 2.1439626
A18: [Fe(CN)6]3- | B18: 0 | C18: 0 | D18: 0 | E18: 0 | F18: 0 | G18: 0 | H18: 0 | I18: 0 | J18: 0 | K18: 0 | L18: 0 | M18: =I7 -> 1.8892482 | N18: =M18 -> 1.8892482 | O18: 0 | P18: 0 | Q18: =N18 -> 1.8892482 | R18: 0 | S18: 0 | T18: =R18-S18 -> 0 | U18: 0 | V18: =T18+U18 -> 0 | W18: 0 | X18: 0 | Y18: 0 | Z18: 0 | AA18: 0 | AB18: 0 | AC18: 0 | AD18: 0 | AE18: 0 | AF18: =AD8 -> 2.1439626 | AG18: 0 | AH18: 0 | AI18: =AJ17 -> 2.1439626 | AJ18: 0 | AK18: 0 | AL18: =AJ18-AK18 -> 0 | AM18: 0 | AN18: =AL18+AM18 -> 0
A19: ddFc | B19: 0 | C19: 0 | D19: 0 | E19: 0 | F19: 0 | G19: 0 | H19: 0 | I19: 0 | J19: =B12 -> 1.8892482 | K19: 0 | L19: 0 | M19: 0 | N19: 0 | O19: 0 | P19: 0 | Q19: 0 | R19: 0 | S19: 0 | T19: =R19-S19 -> 0 | U19: 0 | V19: =T19+U19 -> 0 | W19: 0 | X19: 0 | Y19: 0 | Z19: 0 | AA19: 0 | AB19: 0 | AC19: 0 | AD19: 0 | AE19: 0 | AF19: 0 | AG19: 0 | AH19: 0 | AI19: 0 | AJ19: 0 | AK19: 0 | AL19: =AJ19-AK19 -> 0 | AM19: 0 | AN19: =AL19+AM19 -> 0
A20: coeFc | B20: 0 | C20: 0 | D20: 0 | E20: 0 | F20: 0 | G20: 0 | H20: 0 | I20: 0 | J20: 0 | K20: 0 | L20: 0 | M20: 0 | N20: 0 | O20: 0 | P20: 0 | Q20: 0 | R20: 0 | S20: 0 | T20: =R20-S20 -> 0 | U20: 0 | V20: =T20+U20 -> 0 | W20: 0 | X20: 0 | Y20: 0 | Z20: 0 | AA20: 0 | AB20: 0 | AC20: 0 | AD20: 0 | AE20: =AC8 -> 2.1439626 | AF20: 0 | AG20: 0 | AH20: 0 | AI20: 0 | AJ20: 0 | AK20: 0 | AL20: =AJ20-AK20 -> 0 | AM20: 0 | AN20: =AL20+AM20 -> 0
A21: Pt | B21: 0 | C21: 0 | D21: 0 | E21: 0 | F21: 0 | G21: 0 | H21: 0 | I21: 0 | J21: 0 | K21: 0 | L21: 0 | M21: 0 | N21: 0 | O21: =N14 -> 0.14813775 | P21: 0 | Q21: 0 | R21: 0 | S21: 0 | T21: =R21-S21 -> 0 | U21: 0 | V21: =T21+U21 -> 0 | W21: 0 | X21: 0 | Y21: 0 | Z21: 0 | AA21: 0 | AB21: 0 | AC21: 0 | AD21: 0 | AE21: 0 | AF21: 0 | AG21: =AF14 -> 0.0043757972 | AH21: 0 | AI21: 0 | AJ21: 0 | AK21: 0 | AL21: =AJ21-AK21 -> 0 | AM21: 0 | AN21: =AL21+AM21 -> 0
A22: Pd | B22: 0 | C22: 0 | D22: 0 | E22: 0 | F22: 0 | G22: 0 | H22: 0 | I22: 0 | J22: 0 | K22: 0 | L22: 0 | M22: 0 | N22: 0 | O22: =N15 -> 0.0059439026 | P22: 0 | Q22: 0 | R22: 0 | S22: 0 | T22: =R22-S22 -> 0 | U22: 0 | V22: =T22+U22 -> 0 | W22: 0 | X22: 0 | Y22: 0 | Z22: 0 | AA22: 0 | AB22: 0 | AC22: 0 | AD22: 0 | AE22: 0 | AF22: 0 | AG22: =AF15 -> 0.14812521 | AH22: 0 | AI22: 0 | AJ22: 0 | AK22: 0 | AL22: =AJ22-AK22 -> 0 | AM22: 0 | AN22: =AL22+AM22 -> 0
A23: Rh | B23: 0 | C23: 0 | D23: 0 | E23: 0 | F23: 0 | G23: 0 | H23: 0 | I23: 0 | J23: 0 | K23: 0 | L23: 0 | M23: 0 | N23: 0 | O23: =N16 -> 0.0018528212 | P23: 0 | Q23: 0 | R23: 0 | S23: 0 | T23: =R23-S23 -> 0 | U23: 0 | V23: =T23+U23 -> 0 | W23: 0 | X23: 0 | Y23: 0 | Z23: 0 | AA23: 0 | AB23: 0 | AC23: 0 | AD23: 0 | AE23: 0 | AF23: 0 | AG23: =AF16 -> 1.5604672e-05 | AH23: 0 | AI23: 0 | AJ23: 0 | AK23: 0 | AL23: =AJ23-AK23 -> 0 | AM23: 0 | AN23: =AL23+AM23 -> 0
A24: Cl2 | B24: 0 | C24: 0 | D24: 0 | E24: 0 | F24: 0 | G24: 0 | H24: 0 | I24: 0 | J24: 0 | K24: 0 | L24: 0 | M24: 0 | N24: 0 | O24: 0 | P24: ='eLLE Bals'!BD2 -> 0.30499864 | Q24: 0 | R24: 0 | S24: 0 | T24: =R24-S24 -> 0 | U24: 0 | V24: =T24+U24 -> 0 | W24: 0 | X24: 0 | Y24: 0 | Z24: 0 | AA24: 0 | AB24: 0 | AC24: 0 | AD24: 0 | AE24: 0 | AF24: 0 | AG24: 0 | AH24: ='eLLE Bals'!BM2 -> 0.15690021 | AI24: 0 | AJ24: 0 | AK24: 0 | AL24: =AJ24-AK24 -> 0 | AM24: 0 | AN24: =AL24+AM24 -> 0
A25: H2O | H25: 0 | I25: 0 | J25: 0 | O25: 0 | P25: 0 | AC25: 0 | AD25: 0 | AE25: 0
A26: DCM | B26: 0 | C26: 0 | D26: 0 | E26: 0 | F26: 0 | G26: 0 | K26: 0 | L26: 0 | M26: 0 | N26: 0 | O26: 0 | P26: 0 | Q26: 0 | R26: 0 | S26: 0 | T26: 0 | U26: 0 | V26: 0 | W26: 0 | X26: 0 | Y26: 0 | Z26: 0 | AA26: 0 | AB26: 0 | AF26: 0 | AG26: 0 | AH26: 0 | AI26: 0 | AJ26: 0 | AK26: 0 | AL26: 0 | AM26: 0 | AN26: 0
A27: Sum Of Charges | B27: =B5+B6+B7+B8-B9-B10-B11-B12-B13-2*B14-2*B15-3*B16-B17*4-B18*3 -> -2.220446e-16 | C27: =C5+C6+C7+C8-C9-C10-C11-C12-C13-2*C14-2*C15-3*C16-C17*4-C18*3 -> 2.220446e-16 | D27: =D5+D6+D7+D8-D9-D10-D11-D12-D13-2*D14-2*D15-3*D16-D17*4-D18*3 -> 0 | E27: =E5+E6+E7+E8-E9-E10-E11-E12-E13-2*E14-2*E15-3*E16-E17*4-E18*3 -> 6.6613381e-16 | F27: =F5+F6+F7+F8-F9-F10-F11-F12-F13-2*F14-2*F15-3*F16-F17*4-F18*3 -> -6.6613381e-16 | G27: =G5+G6+G7+G8-G9-G10-G11-G12-G13-2*G14-2*G15-3*G16-G17*4-G18*3 -> 0 | H27: =H5+H6+H7+H8-H9-H10-H11-H12-H13-2*H14-2*H15-3*H16-H17*4-H18*3 -> 0 | I27: =I5+I6+I7+I8-I9-I10-I11-I12-I13-2*I14-2*I15-3*I16-I17*4-I18*3 -> -1.2490009e-16 | ... AN27: =AN5+AN6+AN7+AN8-AN9-AN10-AN11-AN12-AN13-2*AN14-2*AN15-3*AN16-AN17*4-AN18*3 -> 5.3290705e-15
